ID,VotedFor,PresVote,PartyID,Age,FamIncome,Female,White,FT.Bush,FT.Clinton,FT.Perot
3001,Bush,1,6,31,20,0,White,85,30,0
3002,Bush,1,7,89,9,1,White,100,0,0
3003,Bush,1,7,35,17,1,White,85,30,60
3005,Clinton,2,6,27,3,1,Non-White,40,60,60
3006,Clinton,2,2,54,15,1,White,30,70,50
3007,Clinton,2,1,45,2,1,Non-White,15,70,50
3009,Bush,1,6,35,17,1,White,85,30,0
3011,Bush,1,7,33,23,0,White,85,0,0
3012,Bush,1,6,32,20,1,White,60,30,30
3013,Bush,1,5,69,24,0,White,70,0,15
3014,Clinton,2,1,67,3,1,Non-White,40,85,60
3016,Bush,1,7,83,19,1,White,85,50,40
3017,Bush,1,2,62,3,1,White,70,30,30
3018,Bush,1,7,39,21,1,White,85,40,60
3022,Clinton,2,2,43,16,1,White,50,100,100
3023,Bush,1,2,66,10,1,White,100,0,0
3024,Perot,3,5,71,20,0,White,70,40,30
3026,Clinton,2,1,71,14,0,White,0,85,50
3027,Clinton,2,1,77,5,0,White,40,100,70
3028,Clinton,2,3,65,20,0,White,30,60,0
3029,Bush,1,2,81,5,0,White,40,40,50
3030,Clinton,2,1,34,15,0,Non-White,40,60,30
3031,Clinton,2,1,60,7,1,White,20,60,50
3032,Clinton,2,1,34,16,0,Non-White,30,70,40
3035,Bush,1,5,83,6,1,White,85,50,0
3037,Clinton,2,1,58,3,0,White,50,85,10
3038,Bush,1,5,38,8,1,White,100,50,70
3039,Bush,1,7,51,21,0,White,40,30,60
3040,Perot,3,2,58,18,0,White,30,70,50
3041,Bush,1,3,79,8,1,White,60,40,70
3042,Clinton,2,1,67,14,1,White,100,100,60
3043,Clinton,2,1,71,16,0,White,50,85,0
3045,Clinton,2,6,30,17,0,White,30,50,50
3049,Clinton,2,3,18,20,1,White,50,50,15
3050,Clinton,2,4,77,15,0,White,50,50,0
3052,Perot,3,6,63,2,1,White,50,40,60
3054,Bush,1,7,53,20,1,White,85,15,40
3056,Clinton,2,1,69,15,0,White,30,60,0
3057,Clinton,2,3,44,13,1,White,50,100,50
3058,Clinton,2,3,49,8,1,White,0,70,0
3061,Clinton,2,6,51,24,0,White,40,60,50
3062,Perot,3,3,45,14,1,White,30,40,60
3063,Bush,1,5,28,12,0,White,85,60,50
3065,Clinton,2,3,44,20,0,White,30,85,60
3066,Perot,3,5,39,20,0,White,60,60,15
3067,Bush,1,6,32,17,0,White,100,85,100
3068,Clinton,2,5,18,2,1,White,40,100,50
3073,Bush,1,5,38,17,0,White,60,15,0
3077,Clinton,2,2,78,19,1,Non-White,60,70,15
3079,Clinton,2,5,58,3,1,Non-White,50,30,40
3081,Bush,1,5,34,16,0,White,85,30,60
3082,Clinton,2,1,51,18,1,White,40,60,0
3083,Clinton,2,3,39,13,0,White,30,85,60
3084,Clinton,2,4,23,2,0,White,60,70,40
3087,Bush,1,6,69,8,0,White,100,40,15
3089,Bush,1,2,45,21,0,White,70,0,85
3090,Clinton,2,2,25,1,1,White,60,70,50
3091,Clinton,2,1,19,2,0,Non-White,0,70,40
3092,Clinton,2,2,71,11,1,White,50,50,50
3093,Perot,3,4,63,19,0,White,40,60,100
3094,Clinton,2,1,45,19,0,White,30,70,100
3095,Bush,1,5,65,15,0,White,70,60,60
3098,Perot,3,4,33,14,0,White,60,15,85
3100,Bush,1,5,33,13,0,White,85,0,50
3102,Clinton,2,3,19,4,0,White,40,85,30
3105,Clinton,2,1,37,16,1,White,15,85,70
3107,Clinton,2,2,34,9,1,Non-White,0,85,50
3108,Bush,1,5,71,17,1,White,85,40,0
3110,Bush,1,6,37,23,0,White,70,30,30
3112,Bush,1,4,52,21,1,White,60,60,50
3113,Clinton,2,7,49,21,1,White,60,70,50
3119,Clinton,2,2,33,13,1,Non-White,40,98,50
3123,Perot,3,6,38,3,1,White,30,85,0
3125,Bush,1,5,51,21,0,White,85,15,50
3127,Clinton,2,1,31,9,1,Non-White,60,70,50
3128,Clinton,2,2,76,16,0,White,30,60,70
3129,Perot,3,3,32,21,1,White,68,50,38
3130,Bush,1,6,49,24,1,White,85,50,50
3131,Clinton,2,3,66,24,1,White,40,60,30
3132,Bush,1,7,31,22,1,White,70,30,40
3133,Bush,1,2,34,16,0,Non-White,70,50,0
3134,Perot,3,3,37,20,0,White,30,60,70
3135,Bush,1,5,39,2,1,White,75,60,50
3136,Clinton,2,1,33,16,1,Non-White,40,60,30
3137,Clinton,2,1,25,11,1,White,15,85,30
3138,Bush,1,7,64,14,1,White,85,40,40
3143,Bush,1,7,34,14,0,White,70,15,0
3146,Clinton,2,3,54,7,1,White,40,70,85
3147,Perot,3,7,67,10,1,White,50,0,85
3149,Clinton,2,3,42,15,1,White,15,70,0
3151,Clinton,2,5,32,21,1,White,60,85,0
3153,Bush,1,5,30,18,1,White,100,40,30
3154,Clinton,2,2,57,22,0,Non-White,15,85,50
3155,Bush,1,6,54,16,1,White,70,30,0
3156,Clinton,2,2,51,16,1,White,60,85,40
3157,Bush,1,6,30,19,0,White,60,40,60
3158,Bush,1,6,80,4,1,White,88,80,80
3159,Clinton,2,2,53,9,1,White,50,60,60
3160,Clinton,2,4,20,3,0,White,40,60,70
3162,Clinton,2,1,37,17,1,White,50,70,50
3163,Clinton,2,1,21,14,0,Non-White,60,85,70
3164,Clinton,2,1,69,13,1,White,50,85,50
3166,Clinton,2,1,23,13,1,White,0,70,50
3167,Clinton,2,3,38,21,0,White,40,50,50
3168,Clinton,2,1,62,14,0,White,50,50,0
3169,Bush,1,7,63,18,0,White,85,50,15
3172,Clinton,2,6,69,19,1,White,85,70,30
3174,Clinton,2,1,36,16,0,White,15,60,70
3175,Perot,3,3,36,23,1,White,0,0,100
3177,Bush,1,5,23,16,0,White,70,40,30
3178,Clinton,2,4,71,16,1,White,30,85,100
3181,Clinton,2,3,39,5,0,White,0,100,15
3183,Bush,1,7,58,21,1,White,100,0,30
3184,Clinton,2,3,40,2,0,White,0,60,100
3185,Bush,1,7,50,20,0,White,100,60,60
3186,Perot,3,4,65,17,0,White,0,15,40
3187,Clinton,2,2,44,19,1,White,15,60,0
3188,Clinton,2,1,67,8,1,White,50,100,0
3189,Bush,1,6,72,6,1,White,60,50,40
3191,Bush,1,5,56,16,0,Non-White,70,60,51
3192,Clinton,2,2,43,21,1,White,30,85,60
3195,Bush,1,5,32,18,0,Non-White,30,30,0
3198,Clinton,2,1,80,6,1,Non-White,40,70,30
3199,Clinton,2,1,41,19,1,White,0,100,15
3200,Perot,3,4,33,17,0,White,70,40,85
3202,Perot,3,1,20,1,1,White,60,70,60
3203,Clinton,2,1,80,8,0,Non-White,20,60,50
3204,Clinton,2,2,25,16,1,White,0,85,60
3205,Clinton,2,4,43,15,0,White,15,60,50
3206,Perot,3,6,22,4,1,White,70,50,0
3209,Perot,3,2,23,18,0,Non-White,15,70,0
3211,Clinton,2,2,31,21,1,White,50,85,15
3212,Perot,3,2,52,16,0,White,60,60,85
3213,Clinton,2,2,39,11,1,White,15,60,15
3215,Clinton,2,4,34,15,0,White,10,30,40
3218,Bush,1,6,74,11,1,White,100,0,0
3220,Clinton,2,1,29,15,1,Non-White,0,100,0
3222,Bush,1,5,37,22,1,White,60,40,15
3223,Clinton,2,3,28,18,1,White,60,60,50
3225,Perot,3,6,58,24,0,White,60,85,85
3226,Clinton,2,1,36,7,1,White,50,50,60
3227,Perot,3,2,33,14,1,White,60,70,60
3229,Clinton,2,1,60,8,1,White,70,85,50
3230,Bush,1,7,35,15,1,White,100,50,50
3231,Clinton,2,2,28,18,0,White,40,70,60
3232,Clinton,2,3,36,1,0,White,0,70,30
3233,Perot,3,6,23,14,0,White,60,60,40
3234,Bush,1,5,49,21,1,White,80,50,20
3235,Clinton,2,6,42,21,0,White,40,60,50
3236,Clinton,2,2,68,9,0,White,40,70,15
3238,Clinton,2,1,73,8,1,White,25,75,50
3240,Clinton,2,2,30,15,1,White,30,60,85
3242,Bush,1,4,70,8,0,White,50,50,15
3243,Clinton,2,2,22,22,0,White,30,60,50
3245,Clinton,2,3,40,12,0,White,15,70,85
3246,Clinton,2,4,84,8,1,White,60,70,50
3247,Bush,1,6,52,21,0,White,100,60,70
3250,Bush,1,7,68,23,1,White,85,15,60
3252,Perot,3,7,49,21,1,White,100,50,100
3255,Clinton,2,1,55,16,1,White,50,85,60
3257,Clinton,2,1,65,3,1,White,30,70,0
3258,Perot,3,5,41,16,0,White,70,60,30
3259,Bush,1,6,26,15,0,White,70,50,15
3261,Bush,1,6,31,21,1,Non-White,60,40,0
3262,Perot,3,4,81,13,0,White,50,50,70
3264,Bush,1,7,80,5,0,White,100,70,50
3265,Clinton,2,1,45,5,0,White,30,100,85
3266,Bush,1,6,28,20,1,White,85,50,50
3267,Bush,1,6,58,20,0,White,85,30,30
3271,Perot,3,3,44,21,0,White,0,70,70
3272,Bush,1,4,18,14,1,White,60,60,50
3273,Clinton,2,4,22,6,1,Non-White,30,100,0
3275,Clinton,2,1,82,11,1,White,0,85,0
3276,Clinton,2,1,34,2,1,Non-White,0,70,0
3277,Clinton,2,1,69,6,1,Non-White,0,50,0
3278,Bush,1,6,30,18,1,White,85,85,15
3279,Bush,1,7,64,12,1,White,100,0,0
3281,Clinton,2,2,38,4,1,White,40,60,30
3283,Clinton,2,1,71,3,0,White,40,85,50
3284,Bush,1,7,63,12,1,White,60,15,50
3285,Perot,3,6,83,12,1,White,30,30,30
3287,Bush,1,2,22,16,0,White,70,85,15
3289,Bush,1,6,40,19,0,White,40,30,15
3290,Clinton,2,3,54,18,1,White,30,70,15
3295,Clinton,2,3,52,24,1,White,15,65,15
3298,Bush,1,6,32,20,1,White,70,40,60
3300,Bush,1,5,78,22,1,White,70,30,60
3302,Clinton,2,3,26,15,0,Non-White,60,85,60
3303,Clinton,2,6,29,11,1,White,30,70,50
3304,Perot,3,6,33,15,1,White,40,60,70
3305,Clinton,2,6,31,13,0,White,60,60,60
3308,Clinton,2,6,81,22,0,White,15,70,30
3309,Clinton,2,3,39,14,1,White,60,80,60
3310,Clinton,2,1,84,11,0,White,50,100,70
3311,Bush,1,6,35,17,1,White,100,40,30
3312,Clinton,2,1,44,18,0,White,40,70,30
3314,Bush,1,7,39,20,1,White,100,30,0
3315,Clinton,2,1,37,21,0,White,0,100,85
3316,Bush,1,5,37,11,0,White,65,70,22
3318,Bush,1,4,32,12,1,Non-White,50,50,60
3321,Bush,1,7,79,8,0,White,85,70,50
3322,Clinton,2,1,68,7,0,White,0,85,85
3323,Bush,1,5,48,21,1,White,60,0,40
3324,Bush,1,5,52,18,1,White,60,15,0
3327,Clinton,2,2,63,5,1,White,30,60,15
3328,Clinton,2,3,61,24,0,White,70,85,50
3329,Bush,1,6,87,21,1,White,60,50,40
3331,Clinton,2,3,23,8,0,White,0,15,30
3332,Clinton,2,6,34,21,0,White,70,70,0
3336,Bush,1,7,54,20,1,White,85,60,50
3337,Perot,3,4,26,17,1,White,70,40,50
3340,Perot,3,6,31,20,1,White,85,40,0
3342,Bush,1,5,73,8,1,White,60,60,60
3344,Bush,1,7,35,17,0,White,85,15,50
3345,Bush,1,7,41,17,0,White,85,40,50
3347,Bush,1,5,46,20,0,White,100,15,30
3348,Bush,1,4,65,14,1,White,70,40,0
3350,Bush,1,6,57,21,0,White,60,30,15
3351,Clinton,2,1,36,15,0,White,40,100,60
3352,Bush,1,5,68,8,1,White,70,50,30
3353,Clinton,2,2,38,18,0,Non-White,30,70,15
3355,Clinton,2,1,70,5,1,White,15,100,50
3356,Perot,3,5,46,13,1,White,40,30,70
3357,Bush,1,2,32,14,1,White,70,40,30
3358,Perot,3,6,46,22,0,White,70,30,70
3359,Perot,3,7,35,23,1,White,60,10,80
3361,Bush,1,7,83,21,1,White,100,70,70
3364,Bush,1,1,34,21,0,White,60,30,70
3365,Clinton,2,2,52,21,1,Non-White,30,85,15
3368,Clinton,2,2,33,15,1,White,30,85,85
3369,Perot,3,5,43,21,1,White,60,50,85
3370,Bush,1,5,33,18,1,White,85,40,30
3371,Bush,1,7,78,20,0,White,100,30,0
3372,Bush,1,7,51,21,0,White,75,25,35
3373,Clinton,2,1,31,17,0,White,0,70,60
3376,Clinton,2,2,40,24,1,White,30,85,70
3378,Perot,3,1,35,18,1,White,30,60,60
3379,Bush,1,7,82,2,1,White,100,50,50
3381,Bush,1,5,28,20,0,White,70,0,50
3383,Clinton,2,1,43,18,0,White,30,85,60
3384,Perot,3,5,51,21,1,White,40,60,70
3385,Bush,1,7,55,13,0,White,85,0,60
3386,Bush,1,4,65,13,1,White,70,50,50
3387,Bush,1,5,40,22,0,White,85,0,60
3388,Clinton,2,2,51,21,1,White,60,70,0
3389,Perot,3,2,60,21,1,White,30,70,15
3390,Perot,3,3,28,20,0,White,15,50,70
3391,Bush,1,6,24,16,1,White,70,0,40
3393,Bush,1,6,30,16,0,White,85,40,85
3394,Bush,1,6,37,16,0,White,60,15,15
3401,Perot,3,5,32,21,0,White,60,50,50
3402,Perot,3,3,22,10,1,White,50,65,80
3403,Bush,1,5,46,18,0,White,70,60,70
3404,Bush,1,1,48,20,1,Non-White,0,70,50
3406,Clinton,2,3,40,16,1,Non-White,50,85,50
3408,Bush,1,6,31,11,0,White,100,70,72
3409,Clinton,2,2,33,17,1,White,40,60,15
3410,Clinton,2,1,53,19,1,White,40,100,30
3411,Perot,3,2,50,21,0,White,60,60,85
3412,Bush,1,5,51,19,0,White,85,40,40
3413,Bush,1,5,23,8,1,White,60,50,70
3414,Bush,1,2,53,13,1,White,50,50,50
3415,Clinton,2,1,59,2,1,White,60,60,0
3417,Clinton,2,3,43,24,1,White,50,85,30
3418,Bush,1,6,29,24,1,White,70,15,85
3421,Clinton,2,2,74,11,0,White,10,60,60
3422,Clinton,2,1,26,17,1,White,30,85,60
3423,Clinton,2,1,53,20,1,White,72,85,70
3424,Clinton,2,5,40,24,1,White,30,85,85
3425,Clinton,2,1,58,22,1,White,15,85,25
3426,Perot,3,3,32,20,1,White,60,60,85
3427,Perot,3,7,53,9,0,White,40,50,60
3428,Clinton,2,2,37,21,1,Non-White,0,60,40
3429,Bush,1,7,39,19,0,White,85,0,0
3430,Clinton,2,2,29,21,0,Non-White,60,60,50
3431,Bush,1,2,35,20,0,White,85,40,0
3433,Bush,1,7,27,18,1,White,70,0,30
3434,Bush,1,6,65,21,0,White,70,30,15
3435,Clinton,2,4,47,16,0,White,70,60,50
3436,Clinton,2,3,29,19,1,White,30,85,60
3437,Clinton,2,2,65,12,0,White,40,60,40
3438,Clinton,2,2,38,21,1,White,15,40,0
3439,Bush,1,5,55,24,1,White,60,35,60
3440,Bush,1,6,20,3,1,White,85,30,15
3441,Perot,3,6,68,16,0,White,85,60,50
3444,Bush,1,6,39,21,0,White,60,30,0
3445,Clinton,2,1,23,1,1,Non-White,0,60,0
3446,Clinton,2,1,46,9,1,Non-White,50,60,50
3447,Perot,3,3,27,16,0,White,0,70,100
3449,Perot,3,2,23,19,0,White,40,60,50
3451,Perot,3,3,30,20,0,White,60,70,70
3455,Clinton,2,4,55,19,1,White,60,40,85
3456,Clinton,2,2,22,13,1,White,40,70,30
3460,Clinton,2,1,48,17,1,White,0,25,0
3461,Clinton,2,5,18,13,1,White,50,70,40
3462,Bush,1,7,31,22,0,White,70,40,50
3464,Bush,1,7,64,21,0,White,100,50,0
3466,Perot,3,5,53,13,1,White,50,10,75
3467,Bush,1,5,20,15,0,White,15,50,70
3471,Clinton,2,1,37,15,1,White,15,85,40
3473,Clinton,2,4,48,15,1,Non-White,50,85,70
3476,Bush,1,6,51,22,0,White,60,30,60
3477,Perot,3,5,37,17,1,White,40,60,15
3478,Bush,1,6,53,19,1,White,60,30,70
3479,Bush,1,7,74,19,1,White,70,0,0
3481,Bush,1,7,34,20,0,White,70,30,30
3482,Bush,1,6,43,22,0,White,85,60,70
3484,Bush,1,6,26,9,0,White,70,0,85
3485,Clinton,2,2,67,15,1,White,50,70,30
3486,Clinton,2,3,31,4,0,White,30,70,40
3489,Bush,1,7,51,20,0,White,85,0,0
3490,Clinton,2,2,47,13,0,Non-White,50,60,40
3491,Clinton,2,2,71,14,1,White,40,85,60
3492,Bush,1,5,47,17,1,White,70,10,50
3495,Clinton,2,3,29,19,0,White,0,60,30
3499,Bush,1,7,21,15,0,White,85,0,0
3502,Clinton,2,1,57,6,1,Non-White,15,85,60
3503,Bush,1,6,37,17,1,White,85,40,30
3505,Clinton,2,2,57,11,0,White,60,70,50
3507,Bush,1,4,37,21,1,Non-White,70,85,50
3508,Bush,1,7,20,2,1,White,90,30,85
3509,Clinton,2,2,39,7,0,White,30,60,50
3510,Perot,3,6,25,10,0,White,70,60,50
3511,Bush,1,7,35,10,1,White,85,15,40
3513,Clinton,2,2,44,16,0,White,50,70,60
3514,Bush,1,7,31,18,0,White,80,40,40
3515,Bush,1,5,72,18,0,White,85,50,60
3516,Clinton,2,1,26,6,1,Non-White,15,70,0
3517,Bush,1,5,34,17,1,White,70,40,15
3522,Clinton,2,3,20,9,1,White,85,85,100
3523,Clinton,2,1,71,11,0,White,30,85,50
3524,Clinton,2,3,53,19,0,Non-White,15,60,0
3525,Clinton,2,1,35,19,1,Non-White,30,50,30
3526,Bush,1,6,36,20,1,White,85,40,0
3527,Bush,1,6,81,15,0,White,60,50,30
3529,Clinton,2,3,21,6,1,Non-White,30,70,70
3531,Clinton,2,6,27,21,1,White,70,60,50
3532,Bush,1,5,30,22,0,White,85,40,0
3533,Perot,3,4,28,21,1,White,85,40,70
3534,Clinton,2,3,46,20,1,White,0,60,60
3535,Bush,1,7,72,11,0,White,85,70,30
3536,Bush,1,5,41,14,0,Non-White,70,60,40
3537,Clinton,2,2,65,16,1,White,15,70,70
3538,Clinton,2,6,30,21,1,White,25,75,5
3540,Bush,1,5,33,16,0,White,100,15,0
3543,Clinton,2,2,55,20,1,White,40,60,15
3545,Perot,3,5,43,21,0,White,40,30,60
3546,Bush,1,4,42,24,0,White,85,30,30
3549,Clinton,2,2,38,21,1,White,85,85,85
3550,Bush,1,7,46,15,1,White,85,15,15
3551,Bush,1,7,75,16,1,White,100,30,50
3552,Perot,3,3,74,11,1,White,40,60,70
3553,Bush,1,7,38,12,0,White,100,10,5
3555,Bush,1,4,36,18,1,White,50,50,50
3558,Bush,1,7,57,17,1,White,85,30,15
3559,Perot,3,4,52,19,0,White,85,50,100
3561,Clinton,2,3,44,22,1,White,30,60,0
3562,Clinton,2,1,21,14,1,Non-White,50,70,50
3564,Clinton,2,4,29,16,0,Non-White,60,85,100
3565,Clinton,2,3,49,23,1,White,40,70,40
3566,Clinton,2,3,40,21,1,White,40,60,30
3567,Bush,1,5,37,19,1,White,70,30,50
3568,Clinton,2,2,42,19,0,White,15,60,30
3570,Clinton,2,6,19,21,0,White,70,100,85
3571,Bush,1,7,18,20,0,White,100,50,60
3572,Clinton,2,2,64,13,1,White,60,85,60
3573,Clinton,2,1,42,18,1,White,15,70,0
3574,Bush,1,6,32,20,1,White,70,50,30
3575,Bush,1,5,26,19,1,White,60,0,30
3576,Perot,3,3,41,17,0,White,70,70,80
3577,Clinton,2,7,59,20,0,White,0,60,50
3580,Clinton,2,1,20,6,0,Non-White,50,85,60
3581,Clinton,2,2,31,16,1,White,40,85,85
3583,Clinton,2,1,46,20,0,White,0,100,60
3584,Clinton,2,2,26,20,0,Non-White,50,60,70
3588,Clinton,2,2,33,12,1,Non-White,40,85,50
3590,Bush,1,2,37,12,1,White,70,15,100
3592,Bush,1,7,60,11,0,White,100,0,0
3594,Clinton,2,2,32,17,0,White,0,70,0
3595,Bush,1,5,85,19,0,White,100,85,85
3596,Clinton,2,2,46,20,1,Non-White,60,70,30
3597,Perot,3,3,29,13,0,White,30,70,60
3598,Clinton,2,5,27,17,1,White,30,40,15
3599,Perot,3,5,40,22,0,White,40,15,50
3600,Bush,1,7,29,16,0,White,70,15,60
3603,Perot,3,6,34,12,0,White,40,15,60
3605,Perot,3,4,48,21,0,White,50,60,100
3606,Bush,1,6,68,15,1,White,60,60,60
3607,Perot,3,3,42,7,1,White,15,85,70
3608,Bush,1,7,27,16,0,White,85,30,60
3612,Clinton,2,1,29,16,1,White,15,85,40
3614,Bush,1,5,53,19,0,White,60,40,50
3615,Clinton,2,2,43,18,0,White,60,85,40
3616,Clinton,2,3,24,11,0,White,30,85,0
3618,Clinton,2,1,50,23,0,White,45,70,48
3619,Clinton,2,1,43,12,1,Non-White,60,85,60
3622,Perot,3,6,22,12,0,White,70,60,70
3624,Clinton,2,4,54,21,0,White,40,50,50
3626,Clinton,2,2,45,24,1,White,60,50,60
3627,Bush,1,5,46,21,1,Non-White,50,30,50
3628,Clinton,2,3,28,8,0,White,50,70,0
3629,Bush,1,7,68,5,0,White,100,0,0
3630,Clinton,2,1,55,17,1,Non-White,50,100,15
3631,Clinton,2,2,71,20,0,White,50,70,60
3632,Clinton,2,1,36,16,0,White,40,80,50
3634,Clinton,2,1,19,11,1,White,0,90,10
3636,Perot,3,4,45,14,0,White,15,70,100
3637,Perot,3,4,42,14,0,White,20,30,80
3638,Bush,1,5,33,16,0,White,70,30,30
3639,Bush,1,5,30,17,0,White,70,15,85
3640,Perot,3,3,26,20,0,White,40,60,85
3641,Bush,1,7,32,22,0,White,70,50,40
3644,Perot,3,7,35,24,1,White,60,40,70
3645,Clinton,2,2,23,24,1,White,40,70,30
3646,Clinton,2,3,43,24,0,White,40,50,30
3647,Perot,3,4,22,21,1,White,60,85,70
3648,Clinton,2,3,48,18,0,White,30,70,50
3650,Clinton,2,2,40,18,1,White,15,85,60
3651,Perot,3,5,28,21,0,White,70,70,100
3653,Bush,1,7,36,20,0,White,70,0,60
3654,Bush,1,6,36,20,0,White,70,40,60
3655,Clinton,2,4,22,13,1,White,50,60,60
3656,Bush,1,2,60,21,0,White,100,30,50
3657,Clinton,2,3,37,17,1,White,0,100,70
3661,Bush,1,7,38,22,1,White,70,15,60
3662,Bush,1,5,25,13,0,Non-White,60,40,15
3663,Perot,3,3,28,20,1,White,15,60,85
3664,Clinton,2,2,40,16,0,Non-White,40,60,0
3665,Bush,1,6,59,19,1,White,85,70,60
3666,Bush,1,7,35,11,1,White,85,80,0
3667,Clinton,2,3,49,21,0,White,0,70,40
3670,Bush,1,7,27,9,1,White,85,15,70
3671,Clinton,2,3,45,21,1,White,50,70,50
3672,Bush,1,5,33,11,1,White,70,60,0
3673,Clinton,2,3,31,12,0,White,15,85,40
3674,Perot,3,3,22,19,1,White,50,15,50
3676,Bush,1,6,35,21,1,White,70,30,50
3677,Clinton,2,3,51,16,0,White,50,70,30
3678,Bush,1,7,34,20,0,White,60,40,50
3679,Clinton,2,3,47,24,1,White,30,70,40
3680,Bush,1,5,68,24,0,White,70,50,40
3681,Clinton,2,3,28,18,0,White,30,70,0
3682,Perot,3,5,51,21,0,White,80,80,100
3683,Bush,1,7,27,17,1,White,70,40,60
3684,Bush,1,4,31,23,0,White,85,0,0
3685,Clinton,2,4,30,19,1,White,70,70,70
3687,Perot,3,3,29,15,0,White,70,30,85
3688,Perot,3,2,25,13,0,Non-White,50,70,85
3689,Perot,3,5,28,20,0,White,50,0,80
3690,Perot,3,3,44,18,0,White,15,50,60
3691,Perot,3,3,36,18,1,White,30,70,85
3693,Clinton,2,3,46,12,1,White,40,50,0
3694,Clinton,2,1,18,17,1,White,30,70,60
3695,Perot,3,4,26,13,0,White,35,10,75
3696,Clinton,2,3,20,4,1,White,50,85,70
3697,Clinton,2,2,39,20,1,White,15,70,15
3698,Bush,1,5,35,6,0,Non-White,85,60,50
3699,Clinton,2,1,21,15,1,White,40,60,50
3701,Perot,3,2,39,20,1,Non-White,15,30,30
3703,Clinton,2,3,33,15,0,White,60,85,50
3706,Clinton,2,2,30,15,0,White,60,70,60
3708,Perot,3,3,34,19,1,White,60,85,30
3709,Bush,1,4,61,10,1,Non-White,70,60,50
3710,Bush,1,4,36,8,0,White,60,40,40
3712,Bush,1,7,41,21,0,White,85,30,40
3715,Perot,3,2,70,13,1,White,60,70,40
3716,Bush,1,7,31,18,0,Non-White,70,60,85
3718,Bush,1,7,38,20,0,White,60,40,40
3719,Bush,1,6,55,3,0,Non-White,50,50,50
3720,Clinton,2,1,58,16,0,White,50,70,30
3721,Bush,1,2,36,20,1,White,50,50,0
3724,Perot,3,6,72,18,0,White,70,40,85
3728,Bush,1,7,78,11,1,White,100,40,40
3729,Bush,1,1,28,21,1,White,60,85,50
3731,Perot,3,5,32,21,1,White,15,15,60
3732,Clinton,2,1,65,3,0,White,30,50,15
3733,Perot,3,6,35,21,0,White,40,15,60
3734,Bush,1,5,34,21,0,White,85,85,40
3735,Bush,1,7,41,21,1,White,100,0,30
3736,Bush,1,5,48,22,1,Non-White,85,50,100
3737,Clinton,2,6,33,18,0,White,15,60,50
3739,Perot,3,5,51,20,0,White,60,50,40
3741,Clinton,2,1,49,12,1,White,40,60,0
3742,Perot,3,5,25,21,1,White,85,70,85
3745,Clinton,2,4,35,23,1,White,40,60,60
3746,Clinton,2,4,36,12,0,White,49,50,40
3747,Perot,3,5,21,15,1,White,60,70,70
3748,Perot,3,2,52,17,0,White,40,40,10
3749,Perot,3,6,38,16,0,White,85,30,60
3751,Clinton,2,2,18,4,1,White,0,60,0
3752,Clinton,2,2,33,14,1,White,85,40,50
3753,Clinton,2,2,44,23,0,White,30,70,70
3754,Clinton,2,1,54,18,1,White,50,70,30
3755,Bush,1,5,62,21,0,White,85,30,50
3757,Clinton,2,2,38,15,0,White,50,70,55
3758,Clinton,2,3,35,11,1,White,30,70,60
3759,Clinton,2,4,41,17,0,White,60,60,0
3761,Bush,1,7,27,18,0,White,90,0,50
3762,Bush,1,7,33,23,1,White,85,60,40
3763,Clinton,2,6,59,24,0,Non-White,30,60,50
3764,Clinton,2,1,33,14,0,Non-White,40,70,85
3766,Bush,1,7,51,24,0,White,100,60,0
3769,Clinton,2,2,68,19,0,White,60,70,0
3770,Bush,1,6,24,13,0,White,60,50,30
3771,Clinton,2,1,72,21,1,White,0,85,0
3772,Perot,3,6,26,16,0,Non-White,60,40,60
3773,Bush,1,6,71,19,1,White,85,30,40
3774,Bush,1,7,31,16,1,White,85,0,40
3775,Bush,1,6,37,21,0,White,60,15,15
3777,Clinton,2,5,31,16,1,White,60,70,0
3778,Bush,1,7,36,21,0,White,85,50,50
3779,Clinton,2,5,33,19,1,White,70,60,15
3781,Clinton,2,3,71,16,1,White,0,85,85
3783,Clinton,2,3,50,24,1,White,40,65,40
3784,Perot,3,7,66,18,1,White,0,50,100
3785,Perot,3,7,29,15,0,White,85,40,60
3786,Bush,1,6,67,12,1,White,60,40,50
3787,Clinton,2,1,61,21,0,White,15,70,60
3789,Clinton,2,2,47,22,1,White,15,70,50
3791,Bush,1,7,30,21,1,White,85,30,30
3792,Clinton,2,1,33,18,0,Non-White,40,50,15
3794,Bush,1,5,35,16,1,White,70,40,50
3796,Clinton,2,2,31,21,1,White,50,50,50
3797,Perot,3,2,20,18,0,White,60,40,60
3798,Clinton,2,6,52,22,0,White,0,50,0
3799,Bush,1,6,26,20,1,White,70,0,60
3800,Perot,3,7,35,24,0,White,60,30,85
3801,Clinton,2,4,42,23,0,Non-White,0,70,0
3802,Bush,1,7,23,20,0,White,85,15,50
3803,Perot,3,3,26,16,0,White,60,70,70
3806,Clinton,2,1,78,5,0,White,15,85,0
3807,Bush,1,5,33,16,1,White,85,30,50
3808,Clinton,2,5,21,18,0,White,50,60,70
3809,Clinton,2,2,25,8,0,White,30,70,60
3810,Clinton,2,5,42,24,0,White,60,60,50
3811,Clinton,2,2,40,18,1,White,30,60,30
3812,Clinton,2,1,33,22,1,White,15,85,40
3813,Bush,1,2,64,22,0,White,85,60,60
3815,Bush,1,6,60,13,1,White,70,30,50
3817,Perot,3,7,28,17,0,White,70,85,50
3818,Perot,3,4,28,13,1,White,15,0,85
3821,Bush,1,7,29,19,1,White,100,0,70
3822,Clinton,2,1,44,15,0,White,30,85,60
3825,Clinton,2,3,25,18,1,White,50,60,40
3826,Perot,3,3,24,14,0,White,40,60,70
3827,Clinton,2,2,48,15,0,White,25,60,50
3828,Bush,1,7,37,17,1,White,98,15,15
3829,Clinton,2,6,26,16,1,White,70,70,60
3832,Perot,3,4,31,17,0,White,60,40,0
3833,Clinton,2,1,47,19,0,White,50,85,60
3835,Bush,1,2,55,19,0,White,85,70,50
3836,Clinton,2,1,39,3,0,Non-White,50,100,85
3837,Bush,1,2,44,12,1,White,100,50,100
3839,Bush,1,6,32,16,1,White,85,15,85
3840,Perot,3,3,32,17,1,White,0,40,40
3841,Clinton,2,3,40,14,0,White,50,85,40
3842,Bush,1,4,18,17,1,White,70,50,70
3843,Clinton,2,2,23,5,0,White,40,85,85
3844,Clinton,2,1,43,9,1,Non-White,50,85,60
3847,Bush,1,6,73,6,1,White,60,30,0
3848,Perot,3,4,51,18,0,White,40,30,50
3849,Perot,3,5,39,19,0,White,75,50,50
3851,Clinton,2,1,66,21,1,White,50,70,50
3852,Clinton,2,5,50,15,1,White,40,50,30
3855,Clinton,2,1,31,16,1,White,40,70,30
3857,Bush,1,6,45,22,1,White,100,15,30
3858,Bush,1,6,49,22,0,White,85,50,40
3861,Bush,1,7,36,23,0,White,85,30,30
3862,Perot,3,5,48,24,0,White,15,15,60
3863,Clinton,2,2,42,16,1,White,15,85,50
3864,Clinton,2,3,35,7,1,White,70,60,70
3868,Bush,1,2,41,16,1,White,70,60,40
3869,Bush,1,5,31,20,1,White,70,40,85
3871,Clinton,2,3,52,22,0,White,50,60,50
3873,Clinton,2,1,40,21,0,White,40,60,0
3874,Bush,1,6,34,20,1,White,70,50,30
3875,Clinton,2,2,65,15,1,White,0,85,50
3876,Perot,3,4,66,8,1,White,50,50,60
3878,Perot,3,3,39,18,0,White,50,15,50
3879,Clinton,2,2,35,18,0,White,0,70,0
3881,Clinton,2,1,54,20,1,White,40,85,0
3882,Clinton,2,2,32,19,1,White,70,85,70
3883,Clinton,2,2,45,17,1,White,0,85,70
3885,Clinton,2,1,53,14,1,White,30,70,0
3886,Bush,1,7,35,24,1,White,85,0,40
3887,Bush,1,4,49,20,0,White,50,50,0
3888,Clinton,2,1,37,21,0,White,30,70,50
3889,Clinton,2,2,53,20,0,White,35,65,15
3891,Clinton,2,1,70,11,0,Non-White,25,50,25
3892,Clinton,2,2,31,22,1,White,40,85,85
3893,Clinton,2,1,37,21,1,White,70,85,60
3894,Clinton,2,1,41,20,0,White,15,70,40
3895,Clinton,2,1,34,24,1,Non-White,30,70,30
3896,Clinton,2,3,51,16,1,White,30,85,60
3897,Clinton,2,2,30,18,1,White,40,95,80
3899,Bush,1,5,42,21,1,White,95,10,40
3900,Clinton,2,2,69,10,1,White,40,90,70
3901,Bush,1,6,37,15,0,White,80,30,50
3902,Bush,1,7,38,21,1,White,70,15,15
3903,Bush,1,5,30,15,1,White,15,40,40
3904,Clinton,2,3,43,20,0,White,60,85,30
3905,Clinton,2,2,34,19,1,Non-White,60,70,60
3906,Clinton,2,4,33,19,0,Non-White,20,60,80
3907,Bush,1,2,54,21,1,White,90,20,50
3908,Clinton,2,1,57,10,1,White,70,85,15
3913,Bush,1,7,65,20,0,White,85,60,60
3916,Perot,3,4,32,9,0,White,40,60,85
3917,Clinton,2,1,53,16,0,Non-White,40,85,60
3919,Bush,1,5,54,19,1,White,70,30,60
3921,Bush,1,7,51,22,0,White,70,60,70
3923,Perot,3,5,27,20,1,White,60,30,70
3925,Clinton,2,3,39,16,0,White,0,60,50
3926,Bush,1,6,58,22,1,White,85,15,60
3927,Perot,3,7,42,23,0,White,50,20,60
3928,Perot,3,6,34,16,1,White,70,30,85
3930,Bush,1,7,43,16,0,White,50,50,50
3932,Clinton,2,2,35,18,0,Non-White,15,70,60
3933,Clinton,2,3,32,7,1,Non-White,50,60,50
3934,Bush,1,5,44,24,0,White,85,30,85
3935,Perot,3,3,40,20,0,White,30,60,60
3936,Clinton,2,3,38,18,0,White,30,60,30
3937,Bush,1,5,28,21,0,White,60,15,50
3938,Clinton,2,4,35,21,0,White,70,70,50
3939,Bush,1,5,48,20,0,White,40,30,15
3940,Perot,3,7,69,16,0,White,60,30,70
3941,Clinton,2,1,53,16,1,White,15,85,60
3942,Bush,1,2,26,6,1,White,85,70,60
3943,Bush,1,5,32,16,0,White,80,20,40
3944,Perot,3,6,40,18,1,White,60,70,85
3945,Bush,1,7,36,17,0,White,65,25,25
3946,Bush,1,7,37,20,0,White,70,70,40
3948,Perot,3,5,44,21,1,White,60,40,70
3950,Clinton,2,1,56,21,1,White,50,70,50
3952,Clinton,2,1,45,15,1,Non-White,40,85,40
3954,Clinton,2,1,64,17,0,White,50,70,60
3955,Perot,3,6,28,21,0,White,50,50,60
3956,Bush,1,7,65,22,0,White,70,70,50
3957,Clinton,2,1,56,16,1,White,0,85,0
3959,Bush,1,5,62,4,1,White,85,40,50
3961,Clinton,2,1,66,11,0,Non-White,0,100,0
3962,Clinton,2,2,37,19,1,White,40,70,50
3963,Clinton,2,2,31,18,1,Non-White,60,70,15
3964,Bush,1,6,35,21,1,White,65,45,30
3967,Clinton,2,1,70,15,1,White,70,85,50
3969,Bush,1,7,73,24,0,White,70,60,50
3972,Bush,1,4,26,24,1,White,60,60,30
3973,Bush,1,6,34,23,1,White,85,30,60
3974,Clinton,2,3,51,8,1,White,65,75,50
3976,Bush,1,3,21,14,1,Non-White,60,60,30
3977,Clinton,2,4,60,24,0,White,15,85,60
3978,Clinton,2,2,43,24,0,White,15,60,70
3980,Clinton,2,1,57,18,0,Non-White,60,70,0
3982,Clinton,2,4,37,21,1,Non-White,0,60,85
3984,Clinton,2,2,42,1,1,Non-White,30,60,30
3986,Clinton,2,3,30,15,0,Non-White,0,70,60
3987,Perot,3,4,30,14,0,White,60,70,100
3988,Clinton,2,3,34,13,0,White,0,70,50
3989,Clinton,2,2,49,12,1,White,50,60,50
3990,Perot,3,2,19,2,0,White,0,85,70
3991,Perot,3,6,19,19,0,White,70,50,60
3992,Perot,3,7,35,17,0,White,70,50,85
3995,Perot,3,6,52,21,0,White,60,15,85
3996,Clinton,2,1,41,19,0,White,0,70,30
3997,Bush,1,5,36,17,1,White,85,30,60
4001,Clinton,2,3,19,21,1,Non-White,50,85,50
4002,Perot,3,2,39,20,1,White,30,40,50
4003,Perot,3,3,51,18,1,White,0,50,85
4004,Bush,1,2,58,16,0,White,50,30,15
5001,Bush,1,5,41,20,1,White,70,40,60
5002,Clinton,2,1,81,4,1,White,25,80,0
5003,Bush,1,7,55,19,0,White,70,30,40
5004,Clinton,2,1,61,16,0,White,40,85,100
5006,Clinton,2,3,40,19,0,White,60,70,50
5009,Bush,1,6,39,18,1,White,50,50,0
5012,Perot,3,6,40,22,1,White,70,70,70
5014,Clinton,2,1,53,13,1,Non-White,70,85,70
5016,Clinton,2,1,72,4,1,White,50,70,15
5022,Clinton,2,1,69,4,1,White,0,100,0
5023,Perot,3,1,60,20,1,White,30,60,100
5024,Clinton,2,1,59,17,1,Non-White,0,100,15
5025,Clinton,2,3,20,4,0,White,40,60,70
5026,Bush,1,3,21,6,1,White,30,40,50
5028,Bush,1,5,62,21,0,White,70,40,50
5029,Clinton,2,1,68,12,0,White,30,85,0
5034,Perot,3,2,24,19,1,White,85,60,70
5036,Clinton,2,1,83,9,0,White,30,70,15
5038,Perot,3,2,37,21,0,White,15,70,50
5039,Bush,1,7,53,21,0,White,85,40,30
5041,Clinton,2,3,20,3,1,Non-White,50,85,0
5043,Perot,3,7,63,18,0,White,85,60,40
5046,Perot,3,2,74,11,0,White,70,60,85
5047,Bush,1,3,33,16,1,White,60,40,30
5048,Bush,1,7,48,23,1,White,70,30,30
5049,Bush,1,7,58,20,0,White,100,50,50
5051,Clinton,2,5,21,2,1,Non-White,40,85,60
5053,Clinton,2,1,29,8,0,Non-White,30,95,75
5054,Bush,1,6,50,16,0,White,100,15,15
5055,Perot,3,6,67,11,1,White,70,15,60
5056,Bush,1,7,39,19,1,White,100,0,15
5058,Bush,1,6,83,4,1,White,70,50,0
5060,Clinton,2,3,54,24,0,White,0,70,60
5061,Clinton,2,3,71,4,1,White,60,70,50
5062,Clinton,2,2,86,4,1,White,60,30,40
5064,Bush,1,6,50,17,0,White,60,60,85
5066,Clinton,2,3,69,7,1,White,50,60,50
5070,Clinton,2,2,40,21,1,White,15,70,0
5071,Perot,3,2,26,13,0,Non-White,50,60,70
5072,Clinton,2,4,67,16,1,White,40,85,40
5073,Clinton,2,6,34,23,1,White,70,85,85
5074,Clinton,2,2,48,18,1,White,40,60,60
5076,Perot,3,2,39,16,0,White,0,60,85
5077,Perot,3,5,49,19,0,White,70,30,60
5078,Clinton,2,4,44,21,0,White,15,85,40
5080,Perot,3,6,40,15,0,White,60,70,100
5082,Clinton,2,2,58,19,0,White,25,60,50
5083,Bush,1,7,40,19,0,White,85,0,0
5085,Bush,1,7,58,13,1,White,85,30,50
5086,Clinton,2,2,77,15,0,White,30,85,70
5087,Clinton,2,1,64,8,0,White,15,100,0
5088,Clinton,2,3,68,15,1,White,50,75,10
5090,Bush,1,5,45,20,0,White,70,50,40
5091,Bush,1,7,52,18,0,White,70,60,30
5095,Clinton,2,1,35,17,0,White,0,85,30
5096,Clinton,2,3,77,16,1,White,0,85,0
5097,Bush,1,5,34,17,0,White,60,40,20
5098,Bush,1,6,39,17,0,White,70,50,50
5100,Bush,1,6,60,16,0,White,70,40,40
5101,Clinton,2,1,82,13,0,White,85,100,50
5103,Perot,3,6,29,13,0,White,60,15,85
5105,Clinton,2,1,70,4,1,White,50,85,50
5106,Bush,1,6,27,11,1,White,70,50,50
5107,Bush,1,7,61,21,0,White,70,30,30
5108,Perot,3,6,79,11,1,White,60,65,70
5109,Bush,1,7,66,8,1,White,85,60,70
5110,Clinton,2,3,63,14,0,White,30,85,70
5111,Clinton,2,1,37,9,0,White,0,85,15
5113,Clinton,2,2,43,17,1,White,15,85,0
5114,Bush,1,3,46,15,1,White,70,40,0
5115,Clinton,2,2,60,20,1,White,50,60,0
5116,Clinton,2,4,82,21,0,White,60,60,50
5118,Perot,3,3,61,4,1,White,70,100,50
5119,Perot,3,4,21,20,0,White,70,40,50
5121,Clinton,2,1,50,21,1,White,60,60,30
5122,Clinton,2,3,50,22,1,White,40,60,85
5124,Clinton,2,2,56,24,1,White,40,70,15
5126,Perot,3,3,30,1,0,White,15,60,0
5127,Bush,1,7,63,15,0,White,60,15,70
5128,Perot,3,2,43,20,1,White,15,60,100
5129,Perot,3,2,82,6,0,White,60,0,40
5130,Perot,3,3,33,15,0,White,40,40,70
5131,Bush,1,6,32,20,0,White,100,40,40
5132,Bush,1,7,32,14,0,White,85,0,15
5133,Bush,1,5,50,12,1,White,70,50,60
5134,Clinton,2,6,75,16,0,White,85,90,50
5135,Perot,3,6,54,24,0,White,60,40,50
5136,Perot,3,6,29,20,1,White,70,60,40
5137,Clinton,2,4,46,20,0,White,40,70,50
5139,Clinton,2,2,64,11,1,White,0,60,0
5141,Clinton,2,3,71,15,0,White,50,70,50
5142,Clinton,2,1,60,21,0,White,50,70,50
5143,Clinton,2,2,46,6,1,White,60,85,70
5144,Clinton,2,1,57,20,1,White,0,100,40
5145,Clinton,2,1,76,10,1,White,50,85,50
5146,Clinton,2,1,77,9,1,White,30,85,100
5148,Clinton,2,2,37,14,1,White,15,60,15
5150,Clinton,2,1,82,14,0,White,0,60,50
5151,Bush,1,6,33,22,0,White,40,15,0
5152,Bush,1,5,36,15,1,White,60,60,15
5153,Perot,3,2,28,20,0,White,60,60,30
5154,Clinton,2,2,64,6,1,Non-White,50,50,50
5155,Bush,1,4,68,9,1,Non-White,40,30,0
5156,Bush,1,7,61,21,0,White,70,0,15
5157,Bush,1,6,35,19,0,White,85,0,0
5159,Clinton,2,3,36,17,1,White,60,60,40
5162,Clinton,2,1,71,3,1,White,30,100,15
5163,Clinton,2,2,39,20,0,White,35,75,40
5164,Perot,3,6,37,20,1,White,60,40,60
5165,Bush,1,4,60,12,1,White,50,50,50
5166,Clinton,2,4,70,13,1,White,50,70,50
5167,Clinton,2,2,30,12,1,Non-White,30,60,50
5168,Bush,1,5,58,16,0,White,40,50,50
5169,Bush,1,6,28,14,0,White,85,50,40
5170,Perot,3,6,36,16,1,White,60,40,40
5171,Bush,1,6,43,21,0,White,85,15,60
5172,Clinton,2,1,41,20,1,White,30,60,30
5176,Bush,1,2,29,11,1,White,85,40,0
5177,Clinton,2,1,61,2,0,White,0,85,60
5178,Perot,3,1,67,10,1,White,0,60,0
5179,Clinton,2,1,38,1,0,Non-White,50,85,60
5180,Perot,3,2,65,15,0,White,30,60,70
5182,Clinton,2,1,38,19,0,Non-White,60,60,50
5183,Clinton,2,1,72,4,1,White,40,100,30
5185,Bush,1,6,37,14,0,White,70,50,30
5186,Bush,1,4,44,15,1,White,70,60,50
5187,Perot,3,1,45,3,1,White,0,100,60
5191,Bush,1,7,76,15,1,White,85,50,0
5192,Clinton,2,2,24,19,0,White,50,75,65
5193,Perot,3,4,62,21,0,White,60,40,85
5201,Clinton,2,2,36,14,0,White,85,70,100
5202,Bush,1,6,30,15,1,White,85,50,60
5207,Bush,1,7,81,17,1,White,85,40,60
5208,Clinton,2,1,33,15,1,White,30,70,50
5209,Clinton,2,4,25,15,1,White,15,85,50
5210,Clinton,2,1,74,4,1,White,50,60,40
5211,Clinton,2,2,53,23,1,White,50,75,25
5212,Clinton,2,1,59,5,0,Non-White,30,85,15
5214,Clinton,2,1,81,6,0,White,0,85,0
5218,Bush,1,5,29,16,0,White,60,40,15
5220,Clinton,2,2,33,12,1,White,80,90,80
5221,Bush,1,6,53,12,1,White,70,40,40
5224,Clinton,2,2,51,16,0,Non-White,50,85,40
5227,Bush,1,6,34,19,0,White,85,30,60
5229,Bush,1,7,58,16,1,White,100,0,15
5230,Perot,3,2,44,20,0,White,70,40,85
5231,Perot,3,5,42,24,0,White,30,50,85
5232,Bush,1,6,25,24,1,White,60,0,50
5233,Clinton,2,2,27,17,0,White,40,60,50
5234,Clinton,2,1,57,6,0,Non-White,0,100,0
5235,Perot,3,7,37,15,0,White,85,50,70
5238,Bush,1,5,74,9,1,White,40,30,30
5239,Clinton,2,4,55,15,0,White,70,70,40
5240,Clinton,2,1,79,6,1,White,40,85,85
5242,Clinton,2,1,37,21,1,White,0,85,50
5244,Bush,1,6,75,11,1,White,70,50,40
5247,Clinton,2,3,30,15,0,White,40,60,50
5250,Clinton,2,6,32,6,1,White,40,60,0
5251,Perot,3,5,30,20,0,White,65,60,40
5253,Bush,1,6,66,14,0,White,85,30,85
5257,Bush,1,7,37,10,0,White,85,0,15
5258,Perot,3,3,28,3,1,White,50,60,40
5259,Bush,1,6,28,8,1,White,70,70,40
5263,Clinton,2,2,51,18,1,White,40,60,30
5265,Perot,3,6,66,12,0,White,60,50,70
5272,Clinton,2,1,66,16,1,White,40,100,15
5273,Perot,3,3,74,18,0,White,70,85,70
5274,Clinton,2,1,67,14,0,White,0,85,0
5275,Bush,1,6,32,20,0,White,90,40,65
5277,Clinton,2,3,75,10,1,White,0,100,0
5278,Bush,1,6,64,1,1,White,100,60,60
5280,Clinton,2,4,35,5,1,White,40,50,20
5282,Bush,1,5,63,21,0,White,50,50,70
5286,Clinton,2,4,42,9,0,White,0,70,60
5287,Perot,3,5,33,18,0,White,70,30,85
5288,Bush,1,6,69,16,0,White,60,30,60
5292,Perot,3,3,68,22,1,White,30,60,30
5293,Bush,1,4,65,16,1,White,0,50,50
5294,Clinton,2,1,49,20,0,White,30,85,30
5295,Bush,1,6,30,18,0,White,85,40,50
5296,Perot,3,5,78,16,0,White,50,50,70
5297,Clinton,2,3,23,12,1,White,60,70,60
5298,Clinton,2,3,42,12,0,White,15,60,15
5299,Clinton,2,3,49,19,0,White,60,70,30
5300,Bush,1,6,26,19,1,White,90,10,10
5301,Clinton,2,1,23,20,0,White,15,70,40
5302,Bush,1,7,65,14,1,White,85,30,50
5303,Bush,1,1,36,18,1,White,60,85,60
5305,Clinton,2,2,91,10,0,White,40,60,70
5306,Bush,1,1,78,23,1,White,60,40,30
5307,Bush,1,6,76,11,0,White,60,60,60
5308,Clinton,2,1,76,7,1,White,40,85,50
5309,Clinton,2,1,38,20,1,White,15,85,60
5310,Clinton,2,3,47,13,0,White,30,70,50
5311,Clinton,2,1,41,19,1,Non-White,25,65,50
5312,Bush,1,6,48,2,1,White,85,40,50
5314,Bush,1,5,41,17,0,White,85,50,50
5315,Bush,1,2,71,17,1,White,85,60,70
5316,Perot,3,2,29,18,0,White,15,50,60
5317,Clinton,2,6,28,20,1,White,80,87,50
5318,Clinton,2,1,35,10,0,White,70,85,50
5322,Bush,1,7,70,14,0,Non-White,75,10,50
5326,Bush,1,6,34,21,0,White,80,50,60
5327,Clinton,2,1,35,12,1,Non-White,35,75,0
5328,Clinton,2,2,40,22,0,White,70,60,0
5329,Bush,1,7,71,6,1,White,85,30,0
5330,Bush,1,6,70,11,1,White,70,40,15
5331,Bush,1,7,56,24,1,White,85,15,0
5332,Clinton,2,2,35,18,1,White,60,60,15
5333,Clinton,2,3,47,24,0,White,30,60,40
5335,Clinton,2,1,68,14,0,Non-White,40,60,50
5336,Perot,3,1,87,3,1,White,50,60,85
5337,Perot,3,2,41,17,0,White,15,15,50
5340,Bush,1,7,43,21,0,White,85,30,40
5343,Bush,1,4,32,13,0,White,60,40,40
5345,Clinton,2,1,27,14,1,White,0,70,60
5346,Clinton,2,1,81,5,1,White,70,85,50
5347,Clinton,2,2,73,11,0,White,30,70,0
5348,Clinton,2,4,63,14,0,White,15,50,0
5350,Bush,1,7,81,11,1,White,85,50,15
5351,Bush,1,7,83,5,1,White,70,0,15
5352,Perot,3,6,69,5,1,White,60,15,40
5354,Perot,3,4,30,11,1,White,0,15,85
5355,Clinton,2,3,20,20,1,White,45,65,55
5356,Clinton,2,1,46,21,1,White,15,85,0
5358,Bush,1,5,77,12,1,White,100,85,60
5359,Clinton,2,4,37,21,1,White,40,45,60
5360,Clinton,2,3,36,18,0,White,30,60,50
5362,Clinton,2,6,53,21,0,Non-White,40,60,0
5363,Bush,1,7,35,17,1,White,100,30,30
5364,Bush,1,7,70,15,1,White,85,40,30
5367,Clinton,2,1,48,22,0,White,40,70,30
5369,Bush,1,7,83,14,1,White,85,30,15
5371,Perot,3,7,66,18,0,White,70,40,50
5372,Bush,1,7,29,17,1,White,100,30,0
5374,Perot,3,6,30,18,1,White,70,40,60
5375,Perot,3,5,29,12,0,White,50,40,60
5376,Perot,3,3,21,4,0,White,30,50,40
5377,Clinton,2,1,80,20,0,Non-White,40,85,0
5379,Clinton,2,3,37,11,1,White,0,70,15
5380,Clinton,2,3,43,21,0,White,40,60,0
5381,Bush,1,7,83,9,1,White,100,50,50
5384,Clinton,2,1,64,22,0,Non-White,0,85,15
5385,Clinton,2,3,60,14,0,White,30,85,60
5386,Perot,3,4,36,7,1,White,50,0,100
5387,Perot,3,4,51,20,0,White,0,0,100
5388,Clinton,2,1,39,18,1,White,40,85,40
5390,Clinton,2,3,64,1,1,White,50,85,70
5391,Clinton,2,7,35,7,1,Non-White,85,70,60
5392,Bush,1,6,33,19,0,White,50,30,30
5393,Bush,1,7,75,16,0,White,85,30,0
5397,Bush,1,7,50,24,1,White,85,50,50
5398,Perot,3,1,37,15,0,White,50,60,70
5402,Bush,1,3,76,4,1,White,70,0,0
5403,Clinton,2,1,55,1,1,White,60,85,50
5404,Clinton,2,1,56,11,0,White,70,70,50
5405,Clinton,2,3,74,15,1,White,50,85,30
5407,Clinton,2,3,63,15,1,White,50,50,0
5408,Clinton,2,1,66,3,1,White,0,100,15
5412,Perot,3,6,57,16,1,White,60,85,15
5413,Clinton,2,1,84,12,0,White,0,100,0
5414,Bush,1,7,61,15,0,White,75,30,60
5415,Perot,3,7,28,19,0,White,60,15,60
5416,Bush,1,6,31,24,0,White,60,60,70
5418,Bush,1,4,27,10,0,White,70,70,70
5420,Bush,1,7,36,15,0,White,85,30,15
5422,Bush,1,6,74,2,1,White,40,15,0
5423,Bush,1,6,49,12,1,White,85,100,60
5425,Clinton,2,1,82,12,0,White,0,90,40
5427,Perot,3,6,75,21,1,White,40,30,60
5431,Clinton,2,1,38,16,0,Non-White,50,70,60
5432,Clinton,2,3,41,18,0,White,30,70,15
5433,Bush,1,2,49,21,1,White,85,70,50
5434,Clinton,2,3,55,19,1,White,50,60,40
5436,Bush,1,5,76,10,1,White,70,40,50
5437,Clinton,2,1,26,19,1,Non-White,10,75,0
5438,Bush,1,7,45,21,0,White,85,15,50
5439,Clinton,2,1,64,2,1,White,30,100,50
5441,Bush,1,7,40,21,0,White,85,30,60
5442,Clinton,2,1,46,16,1,White,0,85,50
5443,Clinton,2,1,60,9,0,White,15,85,30
5444,Perot,3,7,70,18,1,White,85,40,60
5445,Perot,3,5,45,22,0,White,75,40,75
5449,Bush,1,6,51,17,0,White,100,50,15
5450,Bush,1,6,62,16,1,White,70,60,50
5451,Clinton,2,6,21,16,0,White,60,85,60
5453,Clinton,2,6,51,24,1,White,70,40,60
5455,Clinton,2,2,49,24,0,Non-White,60,70,50
5456,Bush,1,5,65,15,0,White,100,40,50
5457,Perot,3,6,67,20,0,White,60,70,85
5459,Perot,3,3,40,14,1,White,70,15,60
5461,Clinton,2,3,30,19,1,White,60,40,0
5462,Bush,1,2,54,16,1,White,70,60,15
5464,Bush,1,2,35,21,1,White,85,70,50
5466,Perot,3,3,30,11,0,White,15,60,30
5467,Perot,3,5,30,21,1,White,50,30,30
5469,Clinton,2,5,20,22,0,White,70,40,80
5470,Perot,3,7,81,17,1,White,70,60,70
5471,Clinton,2,1,81,10,1,White,60,85,50
5472,Clinton,2,3,44,18,0,White,30,70,0
5473,Bush,1,5,54,4,0,White,85,60,60
5477,Perot,3,2,32,21,0,White,40,60,60
5478,Clinton,2,2,32,21,0,White,40,70,30
5479,Perot,3,4,24,15,1,White,70,50,85
5480,Bush,1,6,23,10,0,White,80,30,50
5481,Clinton,2,3,43,21,1,Non-White,25,50,25
5484,Clinton,2,1,72,7,1,White,30,100,85
5485,Clinton,2,3,20,19,0,White,50,100,70
5486,Clinton,2,1,78,17,1,White,70,85,50
5488,Bush,1,4,42,21,1,White,60,30,15
5490,Bush,1,7,25,16,0,White,85,15,50
5491,Perot,3,3,45,16,1,White,60,60,40
5492,Clinton,2,4,43,17,0,Non-White,40,85,70
5494,Clinton,2,3,76,6,1,White,15,70,30
5495,Clinton,2,5,42,24,1,White,30,60,50
5496,Clinton,2,2,53,24,0,White,40,70,50
5498,Perot,3,5,36,18,0,White,70,15,70
5501,Bush,1,4,26,18,1,White,30,30,40
5503,Bush,1,3,67,15,1,White,70,60,60
5504,Bush,1,6,49,24,0,White,80,40,40
5507,Bush,1,5,65,14,1,White,70,60,50
5508,Bush,1,5,58,8,1,White,60,30,15
5509,Bush,1,7,57,11,0,White,100,0,0
5510,Clinton,2,4,52,14,1,White,40,85,0
5511,Clinton,2,1,69,14,0,White,30,85,0
5513,Clinton,2,2,28,16,0,White,30,85,60
5514,Clinton,2,4,30,6,1,White,50,60,15
5515,Clinton,2,2,30,16,1,White,0,100,50
5516,Bush,1,7,41,15,0,White,100,60,60
5521,Perot,3,2,36,12,1,White,50,50,25
5522,Clinton,2,1,69,8,0,White,0,85,50
5523,Perot,3,3,29,14,0,White,0,70,100
5526,Clinton,2,2,31,21,0,White,40,60,50
5528,Clinton,2,1,60,14,0,White,0,100,60
5529,Bush,1,5,70,14,1,White,85,30,70
5530,Perot,3,3,43,15,0,White,0,60,40
5531,Bush,1,7,47,18,0,White,70,0,70
5532,Clinton,2,1,34,21,1,Non-White,50,80,65
5533,Bush,1,5,30,17,0,White,70,55,55
5534,Bush,1,7,77,15,0,White,80,15,0
5535,Bush,1,7,43,18,0,White,70,15,50
5536,Bush,1,7,35,17,0,White,85,0,40
5538,Clinton,2,1,56,16,0,Non-White,15,100,85
5539,Clinton,2,6,58,14,1,White,0,85,0
5540,Bush,1,2,44,16,1,White,50,50,15
5541,Perot,3,2,55,9,1,Non-White,15,30,30
5542,Clinton,2,3,22,3,0,White,30,60,30
5543,Perot,3,6,45,22,0,White,60,50,60
5545,Bush,1,5,27,16,0,White,70,30,85
5546,Bush,1,7,35,15,0,White,100,0,0
5548,Bush,1,6,34,16,0,White,70,35,40
5550,Bush,1,7,60,3,1,White,85,60,50
5552,Bush,1,6,24,7,1,White,90,30,10
5553,Perot,3,4,46,18,1,White,15,40,85
5554,Bush,1,5,41,19,1,White,70,40,15
5555,Perot,3,1,57,20,0,White,70,60,30
5556,Clinton,2,1,46,20,1,White,0,100,50
5558,Bush,1,6,77,11,1,White,40,0,90
5559,Bush,1,7,40,24,1,White,90,0,0
5560,Bush,1,7,35,19,1,White,60,60,0
5562,Bush,1,5,49,16,1,White,70,50,50
5563,Bush,1,5,37,8,1,White,100,60,70
5564,Bush,1,5,50,21,1,White,60,30,50
5567,Perot,3,5,67,16,0,White,85,0,70
5568,Clinton,2,2,71,13,0,White,0,60,0
5569,Bush,1,7,71,16,1,White,85,40,50
5570,Clinton,2,3,41,21,1,White,0,70,40
5571,Clinton,2,2,75,10,0,White,60,70,15
5572,Bush,1,6,76,19,1,White,85,15,50
5574,Perot,3,6,46,23,1,White,70,15,85
5575,Perot,3,6,51,18,0,White,60,15,15
5576,Clinton,2,1,33,17,1,White,50,50,30
5578,Bush,1,3,45,17,1,White,60,30,30
5579,Clinton,2,1,44,17,0,Non-White,70,70,50
5580,Bush,1,2,70,12,1,White,70,50,50
5581,Clinton,2,2,38,22,0,Non-White,0,75,50
5583,Clinton,2,3,31,8,1,Non-White,0,100,50
5584,Clinton,2,3,49,22,0,White,0,70,50
5586,Clinton,2,2,71,4,1,White,40,85,0
5587,Bush,1,1,53,13,0,White,100,50,0
5588,Perot,3,6,56,19,0,White,50,50,70
5589,Clinton,2,3,48,21,1,White,60,60,30
5590,Perot,3,5,81,17,1,White,70,30,85
5591,Perot,3,6,25,22,0,White,70,30,60
5594,Clinton,2,1,25,15,0,White,15,85,70
5595,Bush,1,7,46,23,0,White,85,15,40
5596,Bush,1,5,20,22,0,White,75,10,50
5597,Perot,3,6,49,16,1,White,60,40,50
5598,Bush,1,6,55,19,0,White,60,50,60
5599,Clinton,2,3,41,15,1,White,0,75,30
5602,Clinton,2,4,30,1,0,White,15,60,50
5603,Perot,3,4,59,17,1,White,60,60,100
5604,Bush,1,6,43,24,1,White,85,5,5
5605,Bush,1,7,38,20,0,White,85,40,70
5606,Bush,1,5,69,20,0,White,70,40,15
5608,Clinton,2,3,28,16,0,White,30,70,85
5609,Clinton,2,1,66,16,1,White,30,60,50
5610,Clinton,2,2,36,17,0,Non-White,40,50,40
5611,Perot,3,3,32,20,0,White,20,30,60
5613,Bush,1,7,46,16,1,White,80,60,70
5615,Bush,1,6,51,18,0,White,85,15,50
5617,Clinton,2,2,46,15,1,White,70,60,30
5620,Bush,1,7,81,13,1,Non-White,100,25,20
5621,Bush,1,4,69,17,1,White,85,60,50
5624,Bush,1,7,56,16,1,White,100,0,60
5626,Clinton,2,1,87,3,1,Non-White,0,85,0
5627,Clinton,2,2,33,16,1,Non-White,15,85,60
5628,Clinton,2,1,31,4,1,Non-White,0,70,15
5630,Bush,1,6,45,24,0,White,50,40,15
5631,Perot,3,4,77,15,1,White,70,60,60
5632,Clinton,2,3,31,4,1,Non-White,60,70,60
5633,Bush,1,5,61,21,1,White,60,0,30
5636,Clinton,2,2,54,13,1,White,60,85,50
5639,Perot,3,3,53,20,0,White,60,60,40
5640,Clinton,2,3,45,17,1,White,60,50,0
5641,Bush,1,7,43,22,0,White,85,40,0
5643,Bush,1,6,32,19,0,White,70,60,60
5644,Clinton,2,2,25,5,0,White,35,75,50
5645,Clinton,2,1,62,21,0,White,30,70,50
5646,Bush,1,7,54,18,0,White,70,40,40
5647,Clinton,2,3,46,3,0,White,50,70,30
5649,Perot,3,5,31,17,0,White,60,50,85
5650,Clinton,2,1,44,23,0,Non-White,40,60,50
5653,Clinton,2,3,79,18,1,White,75,85,55
5654,Clinton,2,3,64,15,0,White,15,85,60
5655,Clinton,2,2,46,15,1,White,60,85,50
5656,Bush,1,2,31,12,1,White,70,70,60
5660,Clinton,2,1,38,21,1,White,20,70,30
5661,Bush,1,5,35,18,0,Non-White,70,60,50
5663,Clinton,2,1,68,21,1,White,0,80,50
5664,Clinton,2,6,59,20,1,White,70,85,60
5665,Bush,1,6,39,24,1,White,70,40,50
5666,Perot,3,4,63,12,1,White,85,70,30
5667,Bush,1,6,49,13,0,White,0,0,60
5668,Bush,1,7,47,19,0,White,85,50,0
5670,Bush,1,6,76,4,0,White,60,50,40
5674,Clinton,2,6,79,2,1,Non-White,60,85,50
5676,Bush,1,7,62,18,1,White,85,40,70
5677,Bush,1,3,56,24,0,White,50,20,20
5678,Clinton,2,3,76,15,1,White,30,70,60
5683,Perot,3,1,34,11,1,White,40,70,70
5684,Perot,3,6,49,16,0,White,70,40,50
5685,Perot,3,4,23,9,0,White,50,50,80
5687,Clinton,2,1,46,24,1,White,40,85,50
5691,Clinton,2,4,29,5,0,White,30,60,50
5692,Bush,1,7,44,17,0,White,85,15,0
5693,Clinton,2,4,26,3,1,White,50,85,70
5694,Clinton,2,1,40,17,0,White,30,85,30
5695,Perot,3,3,45,18,0,White,0,70,85
5697,Perot,3,5,43,18,0,White,0,70,85
5698,Clinton,2,3,65,12,1,White,50,70,50
5700,Clinton,2,3,64,2,1,White,50,75,50
5701,Clinton,2,3,56,16,0,White,70,70,60
5705,Clinton,2,3,34,14,1,White,0,85,50
5706,Clinton,2,1,29,6,0,White,0,70,0
5707,Clinton,2,1,46,20,1,Non-White,30,80,45
5709,Bush,1,6,53,19,0,Non-White,70,50,50
5710,Bush,1,7,64,14,0,White,85,0,0
5711,Bush,1,5,53,16,0,White,60,0,0
5713,Clinton,2,1,51,23,1,White,0,80,20
5715,Clinton,2,2,49,15,0,White,40,70,50
5718,Clinton,2,2,39,15,1,White,70,70,100
5721,Clinton,2,2,25,12,1,White,30,60,60
5722,Bush,1,5,24,13,0,White,70,40,15
5725,Clinton,2,4,56,14,1,Non-White,15,40,0
5726,Clinton,2,3,67,14,1,White,60,85,50
5727,Clinton,2,2,29,15,0,White,60,80,20
5729,Clinton,2,1,66,4,0,Non-White,10,100,0
5730,Clinton,2,1,75,12,0,Non-White,70,85,60
5734,Perot,3,4,35,1,1,White,85,70,85
5736,Clinton,2,3,72,6,1,White,70,30,50
5737,Clinton,2,2,33,14,0,White,50,85,15
5739,Bush,1,4,31,15,1,White,70,60,30
5741,Perot,3,5,24,21,0,White,70,50,100
5742,Clinton,2,4,21,21,0,White,30,70,70
5743,Perot,3,3,29,16,1,White,50,70,85
5744,Clinton,2,1,51,17,0,White,50,60,50
5745,Clinton,2,2,33,20,0,White,40,70,15
5747,Perot,3,2,32,18,1,White,70,60,40
5748,Perot,3,5,59,19,0,White,60,40,60
5751,Clinton,2,1,37,13,0,White,0,30,15
5753,Bush,1,5,62,15,1,White,85,0,0
5754,Clinton,2,1,51,16,1,White,0,60,85
5755,Clinton,2,1,37,21,0,White,15,60,15
5757,Perot,3,6,53,15,1,White,50,50,50
5758,Perot,3,6,56,17,1,White,50,50,60
5760,Perot,3,4,42,22,0,White,60,30,60
5762,Bush,1,5,46,20,0,White,60,60,60
5763,Clinton,2,2,36,16,0,White,60,85,50
5764,Bush,1,7,46,23,0,White,70,15,50
5765,Bush,1,7,25,22,0,White,85,15,0
5767,Clinton,2,1,39,20,0,Non-White,15,70,30
5768,Clinton,2,5,51,19,1,White,40,60,30
5772,Clinton,2,1,51,20,1,Non-White,50,100,50
5773,Clinton,2,3,37,10,1,Non-White,5,45,10
5774,Bush,1,7,47,22,0,White,70,30,15
5775,Clinton,2,2,25,15,1,White,30,60,50
5776,Clinton,2,1,59,5,0,White,50,60,30
5778,Bush,1,5,27,19,0,White,70,40,85
5779,Clinton,2,1,25,13,1,White,15,70,15
5781,Clinton,2,1,29,14,0,White,60,60,40
5782,Bush,1,6,58,6,0,White,70,50,0
5783,Clinton,2,1,68,6,0,Non-White,30,60,50
5786,Clinton,2,1,70,3,0,Non-White,8,100,10
5788,Perot,3,2,58,20,0,White,50,60,50
5790,Clinton,2,2,42,20,0,White,40,85,50
5793,Perot,3,7,47,20,1,White,65,0,85
5795,Clinton,2,3,27,18,1,White,30,60,50
5796,Clinton,2,2,31,15,0,White,15,60,30
5798,Clinton,2,1,59,22,1,White,15,85,0
5799,Clinton,2,1,69,15,1,White,40,85,70
5801,Clinton,2,1,73,3,1,White,40,85,0
5802,Bush,1,7,45,16,0,White,60,40,50
5804,Clinton,2,1,33,18,1,Non-White,50,65,85
5806,Clinton,2,2,25,13,1,White,30,85,30
5807,Perot,3,5,26,5,0,White,60,50,100
5808,Bush,1,7,71,3,1,White,85,0,0
5809,Clinton,2,4,28,16,0,Non-White,40,50,50
5813,Clinton,2,1,49,2,1,Non-White,0,100,70
5814,Bush,1,6,85,18,1,White,85,40,50
5815,Perot,3,2,21,16,0,White,60,70,60
5817,Bush,1,7,36,3,1,White,100,40,85
5818,Perot,3,3,62,9,1,White,75,50,75
5819,Clinton,2,3,28,16,1,White,5,85,75
5820,Clinton,2,1,29,4,1,White,50,100,70
5823,Bush,1,7,37,14,0,White,50,25,40
5824,Perot,3,2,38,17,0,White,30,30,15
5826,Bush,1,5,34,24,0,White,85,60,100
5827,Clinton,2,2,29,18,1,White,70,80,40
5828,Clinton,2,2,48,14,1,Non-White,60,85,85
5829,Clinton,2,1,46,8,1,Non-White,50,100,50
5830,Clinton,2,2,45,21,0,White,40,60,30
5833,Clinton,2,2,54,10,1,Non-White,30,60,20
5836,Clinton,2,1,37,22,1,Non-White,40,95,70
5838,Clinton,2,5,34,15,0,White,30,80,95
5839,Perot,3,4,43,20,0,White,15,60,70
5840,Perot,3,3,25,2,1,White,50,50,85
5843,Bush,1,7,25,15,0,White,85,60,50
5845,Bush,1,7,29,20,1,White,85,40,30
5846,Bush,1,1,50,14,0,White,85,30,70
5847,Clinton,2,1,54,10,1,Non-White,50,60,50
5850,Clinton,2,2,29,20,1,White,40,70,50
5851,Clinton,2,3,20,8,0,White,30,70,50
5852,Perot,3,5,31,8,1,White,50,60,50
5853,Bush,1,7,46,20,0,White,85,30,50
5854,Clinton,2,3,29,20,0,White,5,65,40
5857,Clinton,2,2,35,20,1,White,40,80,50
5858,Clinton,2,1,26,15,1,White,70,80,75
5862,Clinton,2,2,32,15,1,Non-White,40,85,50
5863,Perot,3,6,29,21,0,White,50,50,75
5864,Perot,3,4,53,24,0,White,0,30,50
5865,Clinton,2,3,55,19,0,White,50,60,60
5867,Perot,3,3,28,14,0,White,70,60,70
5868,Clinton,2,1,48,12,1,White,15,85,85
5871,Bush,1,5,64,22,0,White,80,50,75
5873,Perot,3,4,64,23,0,White,0,85,100
5874,Clinton,2,1,72,2,1,White,15,80,70
5875,Clinton,2,1,40,10,1,White,15,90,5
5876,Clinton,2,2,36,11,1,White,80,70,70
5877,Clinton,2,2,57,19,0,White,40,40,100
5878,Clinton,2,3,68,14,0,White,50,50,0
5880,Clinton,2,6,68,3,1,White,60,50,60
5882,Bush,1,6,37,19,1,White,100,15,50
5884,Clinton,2,1,61,17,0,White,50,70,60
5886,Clinton,2,1,33,22,0,White,30,85,30
5887,Bush,1,7,56,22,1,Non-White,85,15,30
5889,Bush,1,7,49,17,1,White,100,30,70
5892,Clinton,2,1,23,3,0,Non-White,40,98,30
5893,Clinton,2,3,32,17,0,White,40,100,70
5894,Perot,3,6,26,17,0,White,70,0,70
5896,Perot,3,4,34,20,0,White,60,60,70
5897,Clinton,2,3,44,24,1,White,40,70,60
5898,Clinton,2,1,82,13,1,White,0,100,50
5899,Clinton,2,2,35,14,0,White,25,50,25
5900,Clinton,2,2,57,21,0,White,70,85,70
5901,Clinton,2,1,58,18,0,Non-White,0,85,40
5902,Clinton,2,1,25,4,1,Non-White,10,55,45
5904,Bush,1,7,67,2,0,White,85,30,0
5905,Clinton,2,5,41,14,0,White,70,70,60
5906,Perot,3,2,29,12,0,White,40,60,85
5907,Clinton,2,3,68,18,0,Non-White,40,70,70
5909,Bush,1,4,30,14,0,White,70,40,15
5913,Clinton,2,4,23,14,0,White,50,50,50
5914,Clinton,2,5,47,9,1,White,15,85,70
5916,Clinton,2,2,75,10,0,White,50,50,0
5919,Bush,1,7,43,8,1,White,70,0,0
5920,Bush,1,7,28,23,1,White,85,50,30
5921,Clinton,2,1,56,2,0,Non-White,0,100,15
5922,Perot,3,3,37,16,0,White,40,60,15
5924,Perot,3,2,64,15,0,White,50,70,50
5925,Bush,1,7,52,24,0,White,70,0,60
5926,Clinton,2,1,37,15,0,Non-White,60,100,15
5927,Bush,1,5,43,21,0,White,80,20,30
5928,Clinton,2,1,40,15,1,White,50,85,15
5929,Clinton,2,3,28,15,1,White,50,85,60
5931,Clinton,2,1,33,14,1,Non-White,25,85,50
5933,Clinton,2,1,32,14,0,White,30,60,60
5935,Bush,1,2,27,14,1,White,85,30,50
5936,Bush,1,6,31,19,0,White,75,70,70
5937,Perot,3,6,40,22,0,Non-White,50,50,50
5938,Perot,3,6,37,17,0,White,70,60,60
5939,Clinton,2,1,53,22,1,White,40,85,60
5941,Clinton,2,2,32,13,1,White,30,85,85
5944,Bush,1,7,81,18,0,White,80,40,70
5945,Bush,1,6,26,12,0,White,90,50,10
5946,Perot,3,4,45,16,1,White,0,70,70
5949,Bush,1,6,33,22,1,Non-White,85,65,50
5950,Clinton,2,2,31,20,0,Non-White,50,85,65
5951,Clinton,2,1,39,19,0,White,40,70,50
5952,Bush,1,5,31,22,1,White,70,0,50
5953,Bush,1,6,35,16,0,White,60,55,55
5954,Bush,1,5,39,17,1,White,70,15,30
5956,Bush,1,6,30,17,0,White,70,40,50
5957,Clinton,2,1,43,21,0,White,35,80,50
5958,Clinton,2,2,36,12,0,Non-White,40,70,60
5959,Clinton,2,3,40,17,0,White,15,70,40
5962,Clinton,2,1,53,14,1,White,60,85,40
5963,Perot,3,2,36,20,0,White,70,40,60
5964,Bush,1,6,29,3,0,White,85,15,0
5967,Bush,1,3,38,21,1,White,60,0,0
5968,Clinton,2,1,30,18,0,Non-White,25,80,65
5969,Clinton,2,2,25,5,1,White,25,75,15
5970,Clinton,2,1,28,17,0,White,40,70,60
5973,Bush,1,3,44,19,1,White,70,60,55
5976,Perot,3,1,28,15,1,White,40,40,85
5979,Bush,1,2,37,15,1,White,70,60,50
5981,Bush,1,5,41,17,0,White,85,40,50
5982,Clinton,2,2,60,20,1,White,0,70,50
5983,Bush,1,3,50,22,0,White,85,50,60
5984,Perot,3,1,48,20,0,White,15,70,85
5987,Bush,1,7,53,3,1,White,90,20,30
5989,Bush,1,4,79,14,0,White,70,60,30
5990,Bush,1,7,31,16,0,White,80,1,60
5991,Bush,1,6,59,23,1,White,70,30,40
5993,Bush,1,6,38,20,1,White,85,60,70
5994,Clinton,2,7,59,24,1,White,60,70,60
5999,Clinton,2,1,43,13,1,White,15,60,100
6000,Clinton,2,3,57,20,1,Non-White,40,70,50
6002,Clinton,2,1,44,16,1,Non-White,0,100,15
6003,Clinton,2,2,45,15,1,White,0,85,15
6007,Perot,3,4,39,21,1,Non-White,30,40,50
6008,Clinton,2,2,35,19,1,Non-White,30,70,50
6009,Bush,1,6,47,21,1,White,45,20,45
6010,Bush,1,7,66,21,0,White,100,50,40
6011,Perot,3,2,59,19,0,White,85,85,75
6012,Clinton,2,1,66,9,1,White,0,100,15
6013,Bush,1,7,58,17,1,White,70,30,50
6014,Clinton,2,3,41,18,1,Non-White,15,85,0
6015,Clinton,2,1,29,11,1,White,15,80,20
6016,Bush,1,5,36,18,1,White,60,0,0
6017,Bush,1,6,28,19,1,White,70,50,40
6018,Clinton,2,1,66,8,1,White,0,85,70
6021,Clinton,2,3,66,12,0,White,40,70,70
6024,Bush,1,7,32,22,0,White,70,30,15
6025,Clinton,2,1,39,14,1,White,15,85,0
6028,Clinton,2,4,54,9,1,White,60,60,60
6030,Perot,3,5,62,15,0,White,40,30,60
6032,Perot,3,5,47,15,0,White,60,30,60
6033,Clinton,2,1,65,4,1,White,0,100,0
6034,Clinton,2,1,27,13,0,White,85,85,0
6035,Perot,3,6,33,15,1,White,40,60,70
6036,Perot,3,6,37,24,1,White,40,20,95
6037,Perot,3,1,74,9,1,White,50,50,60
6039,Bush,1,7,52,16,0,White,85,15,60
6040,Clinton,2,6,67,11,1,White,50,50,0
6044,Bush,1,5,33,22,1,White,85,40,50
6045,Bush,1,7,75,4,1,White,100,0,0
6048,Bush,1,2,63,5,1,White,70,40,0
6049,Clinton,2,5,64,15,0,White,60,60,50
6051,Perot,3,4,33,14,0,White,15,70,60
6052,Bush,1,5,51,22,1,White,40,50,60
6053,Clinton,2,3,70,6,1,White,40,50,85
6055,Clinton,2,2,71,7,0,White,85,40,0
6056,Bush,1,7,73,15,0,White,85,50,40
6058,Perot,3,5,25,21,0,White,75,75,60
6060,Clinton,2,2,23,14,0,White,65,75,70
6061,Bush,1,5,48,21,0,White,60,40,15
6063,Clinton,2,2,26,16,1,White,60,60,40
6064,Bush,1,7,46,23,1,White,85,15,50
6066,Clinton,2,3,31,18,0,White,30,80,60
6067,Perot,3,3,62,16,1,White,60,80,90
6070,Clinton,2,3,49,18,0,White,85,30,60
6071,Clinton,2,3,41,19,0,Non-White,60,85,70
6072,Perot,3,6,32,7,0,White,70,60,50
6075,Perot,3,3,33,20,1,White,60,60,30
6076,Clinton,2,1,67,15,1,White,0,70,15
6077,Bush,1,7,72,21,0,White,100,0,40
6078,Clinton,2,5,34,15,1,White,40,40,40
6079,Clinton,2,3,31,20,0,Non-White,30,70,60
6080,Clinton,2,4,45,1,1,White,0,60,85
6081,Clinton,2,2,25,17,1,White,40,85,50
6082,Perot,3,6,28,20,1,White,70,60,50
6083,Bush,1,6,56,17,1,White,85,70,40
6086,Perot,3,3,45,17,0,White,60,60,50
6087,Clinton,2,2,80,4,0,White,60,70,50
6088,Clinton,2,1,23,2,1,White,60,70,60
6089,Clinton,2,1,24,4,1,White,30,85,15
6090,Perot,3,5,24,8,1,White,85,30,40
6094,Bush,1,5,81,8,1,White,70,60,0
6096,Clinton,2,2,37,17,1,White,50,85,85
6097,Clinton,2,3,23,18,0,White,70,85,70
6100,Perot,3,3,62,20,0,White,70,85,60
6103,Bush,1,7,53,22,1,White,90,40,25
6104,Perot,3,2,27,17,1,White,30,60,100
6105,Bush,1,6,43,19,0,White,70,40,40
6106,Perot,3,6,45,19,0,White,50,50,55
6107,Bush,1,2,38,12,1,White,70,40,15
6109,Bush,1,3,33,17,1,White,50,50,85
6110,Perot,3,5,43,17,0,White,40,45,50
6111,Clinton,2,1,34,9,1,White,15,70,85
6112,Bush,1,6,40,24,0,White,70,40,60
6113,Clinton,2,2,48,13,1,Non-White,50,70,50
6116,Clinton,2,3,29,14,1,White,50,60,0
6117,Bush,1,4,68,16,0,White,100,40,40
6118,Bush,1,6,40,24,0,White,85,60,30
6119,Perot,3,2,37,19,1,White,70,60,0
6120,Clinton,2,4,42,2,0,White,30,60,0
6121,Clinton,2,3,40,21,0,White,0,85,60
6122,Clinton,2,1,76,7,1,White,15,85,40
6123,Clinton,2,3,40,14,1,White,0,70,60
6125,Clinton,2,1,72,15,1,White,70,70,0
6126,Perot,3,3,22,2,1,White,50,50,70
6130,Bush,1,7,32,12,0,White,62,53,50
6131,Bush,1,6,22,21,1,White,90,20,0
6132,Clinton,2,1,49,21,1,White,60,60,50
6134,Clinton,2,1,75,3,1,Non-White,15,100,30
6135,Clinton,2,1,64,10,1,White,0,50,0
6138,Perot,3,2,43,23,1,White,55,60,60
6139,Clinton,2,3,63,3,1,White,40,70,40
6141,Bush,1,5,39,16,0,White,40,10,30
6143,Perot,3,6,38,19,1,White,70,50,50
6144,Perot,3,5,54,22,0,White,30,70,85
6145,Perot,3,5,34,6,0,White,60,40,50
6146,Bush,1,5,29,23,0,White,60,15,85
6148,Perot,3,6,36,16,0,White,60,0,85
6149,Clinton,2,2,49,14,1,Non-White,0,100,15
6156,Clinton,2,1,50,18,0,Non-White,60,100,50
6159,Clinton,2,1,52,4,0,White,50,100,50
6160,Perot,3,2,46,21,0,White,60,30,15
6162,Perot,3,5,58,21,0,White,70,60,70
6165,Clinton,2,3,63,22,1,White,40,60,15
6166,Bush,1,1,55,18,1,White,60,50,60
6167,Bush,1,6,42,18,1,White,75,50,60
6168,Bush,1,6,36,18,1,White,70,60,0
6169,Bush,1,2,40,15,1,White,85,0,0
6170,Clinton,2,1,38,19,1,White,50,70,50
6171,Clinton,2,2,39,16,1,White,60,70,50
6172,Perot,3,2,29,19,1,White,60,85,70
6175,Clinton,2,3,58,18,0,White,15,60,30
6176,Clinton,2,2,61,21,0,Non-White,40,70,30
6178,Clinton,2,4,61,21,0,White,30,70,40
6180,Bush,1,3,45,21,1,White,60,40,0
6181,Clinton,2,3,51,3,1,White,40,70,15
6182,Perot,3,4,39,14,1,White,60,60,60
6183,Perot,3,2,31,20,0,White,40,60,50
6184,Clinton,2,4,60,5,0,White,50,60,0
6185,Bush,1,7,48,24,0,Non-White,85,30,40
6186,Clinton,2,2,22,3,1,Non-White,0,15,10
6187,Clinton,2,2,30,12,1,Non-White,40,70,85
6188,Clinton,2,1,45,22,0,White,15,70,60
6189,Bush,1,6,67,23,0,White,60,50,15
6190,Bush,1,7,37,18,0,White,70,30,60
6191,Clinton,2,1,72,7,1,White,30,85,15
6192,Bush,1,5,74,15,0,White,100,40,40
6194,Clinton,2,3,28,14,1,White,30,60,50
6195,Bush,1,6,21,17,1,White,70,40,30
6196,Clinton,2,1,45,24,1,White,20,75,75
6197,Perot,3,7,52,17,0,White,60,40,85
6198,Clinton,2,6,47,22,0,White,70,70,70
6199,Perot,3,7,66,20,1,White,15,50,30
6200,Bush,1,2,24,4,1,White,70,50,40
6202,Bush,1,5,45,20,0,White,85,50,70
6203,Perot,3,4,40,16,1,White,60,0,85
6204,Perot,3,5,27,14,0,White,60,65,75
6205,Perot,3,6,58,22,0,White,70,50,60
6206,Clinton,2,1,51,18,1,Non-White,40,40,40
6208,Clinton,2,1,34,19,1,White,0,85,40
6209,Clinton,2,1,42,16,0,White,30,70,15
6211,Perot,3,2,40,22,0,White,60,70,50
6213,Bush,1,7,75,18,0,White,85,15,0
6215,Perot,3,4,39,13,1,White,35,15,75
6216,Perot,3,7,39,17,0,White,70,50,85
6217,Clinton,2,1,42,6,1,White,0,100,50
6219,Clinton,2,3,50,17,0,White,0,40,40
6220,Clinton,2,1,44,17,1,White,30,60,50
6222,Clinton,2,2,50,14,0,White,40,60,0
6223,Bush,1,5,82,7,0,White,75,0,0
6225,Perot,3,6,29,21,0,White,70,30,60
6226,Clinton,2,1,45,22,1,White,65,100,20
6227,Perot,3,5,22,14,1,White,70,40,85
6228,Clinton,2,1,69,14,1,White,50,80,50
6229,Clinton,2,1,37,16,0,White,50,60,60
6230,Clinton,2,1,29,9,1,Non-White,40,95,70
6231,Perot,3,5,41,11,0,White,70,40,70
6232,Perot,3,4,29,20,0,White,15,0,100
6233,Clinton,2,1,70,16,0,White,30,60,0
6235,Bush,1,7,32,19,1,White,100,50,70
6241,Clinton,2,1,28,12,0,White,60,85,15
6242,Clinton,2,3,68,14,1,White,40,60,85
6243,Clinton,2,2,59,15,1,White,0,60,0
6245,Bush,1,6,33,19,1,White,100,0,50
6246,Clinton,2,5,32,21,1,Non-White,60,55,0
6247,Clinton,2,1,30,11,1,Non-White,0,85,50
6250,Clinton,2,1,37,21,1,Non-White,30,60,40
6251,Bush,1,6,64,22,1,White,70,30,60
